tactic,technique,technique_id,APT41,Machete,Kimsuky,Soft Cell,TA505,Silence,WIRTE,The White Company,TEMP.Veles,APT39,Stolen Pencil,FIN4,Gallmaker,SilverTerrier,APT38,Tropic Trooper,Cobalt Group,APT19,Gorgon Group,Leafminer,DarkHydrus,Dragonfly 2.0,Rancor,Thrip,Honeybee,Orangeworm,Dark Caracal,APT33,APT37,BlackOasis,Elderwood,PLATINUM,MuddyWater,FIN8,Leviathan,TA459,BRONZE BUTLER,CopyKittens,FIN5,Magic Hound,Sowbug,APT32,FIN10,OilRig,RTM,Gamaredon Group,FIN7,menuPass,Winnti Group,Group5,Strider,Patchwork,Suckfly,Stealth Falcon,FIN6,GCMAN,Poseidon Group,Lazarus Group,Dust Storm,Scarlet Mimic,Threat Group-1314,Threat Group-3390,APT18,Putter Panda,APT3,Molerats,Equation,Naikon,admin@338,APT29,Taidoor,Night Dragon,Darkhotel,PittyTiger,Turla,Deep Panda,Carbanak,APT28,APT1,APT12,Ke3chang,Cleaver,Moafee,Axiom
1,impact,Resource Hijacking,T1496,1.0,,,,,,,,,,,,,,,,,,,,,,,,,,,,,,,,,,,,,,,,,,,,,,,,,,,,,,,,,1.0,,,,,,,,,,,,,,,,,,,,,,,,,,
2,impact,Data Encrypted for Impact,T1486,1.0,,,,1.0,,,,,,,,,,1.0,,,,,,,,,,,,,,,,,,,,,,,,,,,,,,,,,,,,,,,,,,,,,,,,,,,,,,,,,,,,,,,,,,,,,
3,command-and-control,Domain Generation Algorithms,T1483,1.0,,,,,,,,,,,,,,,,,,,,,,,,,,,,,,,,,,,,,,,,,,,,,,,,,,,,,,,,,,,,,,,,,,,,,,,,,,,,,,,,,,,
4,"defense-evasion, execution",Compiled HTML File,T1223,1.0,,,,,1.0,,,,,,,,,,,,,,,,,,,,,1.0,,,,,,,,,,,,,,,,,1.0,,,,,,,,,,,,,,1.0,,,,,,,,,,,,,,,,,,,,,,,,,,
5,initial-access,Spearphishing Attachment,T1193,1.0,1.0,1.0,,1.0,1.0,,1.0,,1.0,,1.0,1.0,,,1.0,1.0,1.0,1.0,,1.0,1.0,1.0,,,,,,1.0,,1.0,1.0,1.0,1.0,1.0,1.0,1.0,,,1.0,,1.0,,1.0,,,1.0,1.0,,,,1.0,,,,,,1.0,,,,,,,,,,,1.0,1.0,,,1.0,,1.0,,,1.0,,1.0,,,,
6,initial-access,Supply Chain Compromise,T1195,1.0,,,,,,,,,,,,,,,,,,,,,,,,,,,,,,1.0,,,,,,,,,,,,,,,,,,,,,,,,,,,,,,,,,,,,,,,,,,,,,,,,,,,,,
7,execution,Exploitation for Client Execution,T1203,1.0,,,,,,,1.0,,,,,,,,1.0,1.0,,,,,,,,,,,1.0,1.0,,1.0,,,,1.0,1.0,1.0,,,,,1.0,,,,,,,,,,1.0,,,,,,1.0,,,,1.0,,,,,,,1.0,1.0,,,,,,,,1.0,,1.0,,,,
8,persistence,Create Account,T1136,1.0,,,1.0,,,,,,,,,,,,,,,,1.0,,1.0,,,,,,,,,,,,,,,,,,,,,,,,,,,,,,,,,,,,,,,,,,,1.0,,,,,,,,,,,,,,,,,,,
9,discovery,Network Share Discovery,T1135,1.0,,,,,,,,,,,,,,,1.0,,,,,,1.0,,,,,,,,,,,,,,,,,,,1.0,,,,,,,,,,,,,,,,,,,,,,,,,,,,,,,,,,,,,,1.0,,,,,
10,defense-evasion,Clear Command History,T1146,1.0,,,,,,,,,,,,,,,,,,,,,,,,,,,,,,,,,,,,,,,,,,,,,,,,,,,,,,,,,,,,,,,,,,,,,,,,,,,,,,,,,,,
11,"persistence, initial-access",External Remote Services,T1133,1.0,,,1.0,,,,,1.0,,,,,,,,,,,,,1.0,,,,,,,,,,,,,,,,,1.0,,,,,1.0,,,,,,,,,,,,,,,,,,1.0,1.0,,,,,,,,,1.0,,,,,,,,,1.0,,,
12,defense-evasion,Code Signing,T1116,1.0,,,,1.0,,,,,,,,,,,,,,,,,,,,1.0,,,,1.0,,,,,,1.0,,,1.0,,,,,,,,,1.0,,1.0,,,,1.0,,1.0,,,,,,,,,,,1.0,,,,,,,1.0,,,,,,,,,,,
13,defense-evasion,Modify Registry,T1112,1.0,,,,,,,,,,,,,,1.0,,,1.0,1.0,,,1.0,,,1.0,,,,,,,,,1.0,,,,,,,,1.0,,,,,,,,,,1.0,,,,,,,,,,1.0,,,,,,,,,,,,,1.0,,,,,,,,,
14,credential-access,Brute Force,T1110,1.0,,,,,,,,,,,,,,,,,,,1.0,,1.0,,,,,,1.0,,,,,,,,,,,,,,,,1.0,,,,,,,,,,,,,,1.0,,,,,,,1.0,,,,,,,,,,1.0,,,,,,,,,
15,defense-evasion,File Deletion,T1107,1.0,,1.0,,,1.0,,1.0,1.0,,,,,,1.0,,1.0,,,,,1.0,,,1.0,,,,,,,,,1.0,,,1.0,,1.0,1.0,,1.0,1.0,1.0,,,,1.0,,1.0,,1.0,,,,,,1.0,,,,1.0,1.0,,1.0,,,,,1.0,,,,,,,,1.0,,,,,,
16,"command-and-control, defense-evasion",Web Service,T1102,1.0,,,,,,,,,,,,,,,,,,,,,,,,,,,,1.0,,,,,,1.0,,1.0,,,1.0,,,,,1.0,,1.0,,,,,1.0,,,1.0,,,,,,,,,,,,,,,,,,,,1.0,,1.0,,,1.0,,,,
17,"command-and-control, defense-evasion",Connection Proxy,T1090,1.0,,,1.0,,,,,,1.0,,,,,,,,,,,,,,,,,,,,,,,1.0,,,,,,,,,,,,,,,1.0,,,1.0,,,,,,,1.0,,,,,,,1.0,,,,,,,,,,1.0,,,1.0,,,,,,
18,execution,PowerShell,T1086,1.0,,1.0,1.0,1.0,,1.0,,1.0,,,,1.0,,,,1.0,1.0,1.0,,1.0,1.0,,1.0,,,,1.0,,,,,1.0,1.0,1.0,1.0,1.0,1.0,,1.0,,1.0,1.0,1.0,,,1.0,1.0,,,,1.0,,1.0,1.0,,1.0,,,,,1.0,,,1.0,,,,,1.0,,,,,1.0,1.0,,1.0,,,,,,
19,"defense-evasion, persistence, privilege-escalation, initial-access",Valid Accounts,T1078,1.0,,,1.0,,,,,1.0,1.0,1.0,1.0,,,,,,,,,,1.0,,,,,,1.0,,,,,,1.0,1.0,,,,1.0,,,1.0,1.0,1.0,,,,1.0,,,,,1.0,,1.0,,,,,,1.0,1.0,1.0,,1.0,,,,,,,1.0,,1.0,,,1.0,1.0,,,,,,
20,lateral-movement,Remote Desktop Protocol,T1076,1.0,,,,,,,,1.0,1.0,1.0,,,,,,1.0,,,,,1.0,,,,,,,,,,,,1.0,1.0,,,,,,,,1.0,1.0,,,,1.0,,,,1.0,,,1.0,,,1.0,,,,,,,1.0,,,,,,,,,,,,,,1.0,,,,,1.0
21,defense-evasion,DLL Side-Loading,T1073,1.0,,,1.0,,,,,,,,,,,,1.0,,1.0,,,,,,,,,,,,,,,,,,,,,,,,1.0,,,,,,1.0,,,,1.0,,,,,,,,,,1.0,,,1.0,,,,,,,,,,,,,,,,,,,
22,command-and-control,Standard Application Layer Protocol,T1071,1.0,1.0,,,,,1.0,,,,,1.0,,1.0,1.0,,1.0,1.0,,,,1.0,1.0,,1.0,1.0,1.0,1.0,1.0,,,,,,,,1.0,,,1.0,,1.0,,1.0,,1.0,1.0,,,,,,,1.0,1.0,,,1.0,,,,1.0,1.0,,,,,,,,,1.0,,,1.0,,,1.0,,,1.0,,,
23,defense-evasion,Indicator Removal on Host,T1070,1.0,,,,,,,,,,,,,,1.0,,,,,,,1.0,,,,,,,,,,,,1.0,,,,,1.0,,,1.0,,,,,,,,,,,,,,,,,,,,,,,,,,,,1.0,,,,,,,,1.0,,,,,,
24,persistence,Bootkit,T1067,1.0,,,,,,,,,,,,,,,,,,,,,,,,,,,,,,,,,,,,,,,,,,,,,,,,,,,,,,,,,1.0,,,,,,,,,,,,,,,,,,,,1.0,,,,,,
25,persistence,Registry Run Keys / Startup Folder,T1060,1.0,1.0,1.0,,,,,,,1.0,,,,,,,1.0,1.0,1.0,,,1.0,,,1.0,,1.0,1.0,1.0,,,,1.0,,1.0,,1.0,,,1.0,,1.0,1.0,,,,1.0,,,,,1.0,,,1.0,,,1.0,,,,1.0,1.0,1.0,1.0,,,,,1.0,,,1.0,,1.0,,,,,,1.0,,,
26,execution,Command-Line Interface,T1059,1.0,,,1.0,,1.0,,,,,,,,,1.0,,1.0,,1.0,,,1.0,1.0,,1.0,,,,1.0,,,,1.0,1.0,1.0,,1.0,,,1.0,1.0,1.0,,1.0,,,1.0,1.0,,,,1.0,1.0,,,,,1.0,,,1.0,1.0,1.0,,1.0,,,,1.0,,,,,,1.0,,,1.0,1.0,,1.0,,,
27,"collection, credential-access",Input Capture,T1056,1.0,,1.0,,,,,,,,1.0,1.0,,,1.0,,,,,,,,,,,,,,,,,1.0,,,,,,,,1.0,1.0,,,1.0,,,,1.0,,1.0,,,,,,,,1.0,,,,1.0,,,1.0,,,,,,,,1.0,,,,,1.0,,,1.0,,,
28,"defense-evasion, privilege-escalation",Process Injection,T1055,1.0,,1.0,,,,,,,,,,,,,1.0,1.0,,1.0,,,,,,1.0,,,,1.0,,,1.0,,,,,,,,,,,,,,,,,,,,,,,,,,1.0,,,,1.0,,1.0,,,,,,,,,,,1.0,,,,,,,,,
29,"execution, persistence, privilege-escalation",Scheduled Task,T1053,1.0,1.0,,1.0,,1.0,,,1.0,1.0,,,,,,,1.0,,,,,1.0,1.0,,,,,1.0,,,,,,1.0,,,1.0,,,,,1.0,1.0,1.0,,,1.0,1.0,,,,1.0,,1.0,1.0,,,,,,,1.0,1.0,,1.0,,,,,1.0,,,,,,,,,,,,,,
30,discovery,System Network Connections Discovery,T1049,1.0,,,1.0,,,,,,,,,,,1.0,,,,,,,,,,,,,,,,,,,,,,,,,,,1.0,,1.0,,,,1.0,,,,,,,,,1.0,,,,,1.0,,,1.0,,,,1.0,,,,,,1.0,,,,1.0,,1.0,,,
31,execution,Windows Management Instrumentation,T1047,1.0,,,1.0,,,,,,,,,,,,,,,,,,,,,,,,,,,,,1.0,1.0,1.0,,,,,,,1.0,,1.0,,,,1.0,,,,,,1.0,1.0,,,1.0,,,,1.0,,,,,,,,1.0,,,,,,1.0,,,,,,,,
32,discovery,Network Service Scanning,T1046,1.0,,,,,,,,,1.0,,,,,,1.0,1.0,,,1.0,,,,,,,,,,,,,,,,,,,,,,1.0,,1.0,,,,1.0,,,,,1.0,,1.0,,,,,,,1.0,,,,,,,,,,,,,,,,,,,,,,
33,defense-evasion,Masquerading,T1036,1.0,,,1.0,,,,,1.0,,,,,,,,,,,,,1.0,,,,,,,,,,1.0,1.0,,,,1.0,,,,1.0,1.0,,,,,1.0,1.0,,,,1.0,,,1.0,,1.0,,,1.0,,,,,,,,,1.0,,,,,,,,1.0,,1.0,,1.0,,,
34,discovery,System Owner/User Discovery,T1033,1.0,,,1.0,,,,,,1.0,,,,,,1.0,,1.0,,,,1.0,,,,,,,1.0,,,,1.0,,,,,,,1.0,,1.0,1.0,1.0,,1.0,,,,,,1.0,,1.0,,,,1.0,,,,,,,1.0,,,,,,,,,,,,,,,,,,,
35,persistence,Modify Existing Service,T1031,1.0,,,,,,,,,,,,,,,,,1.0,,,,,,,1.0,,,,,,,,,,,,,,,,,1.0,,,,,,,,,,,,,,,,,,,,,,,,,,,,,,,,,,,,,,,,,,
36,discovery,System Network Configuration Discovery,T1016,1.0,,,1.0,,,,,,1.0,,,,,,,,1.0,,,,1.0,,,,,,,,,,,1.0,,,,,,,1.0,,1.0,,1.0,,,,1.0,,,,,,1.0,,,,1.0,,,,1.0,,,1.0,,,1.0,1.0,,,,1.0,,1.0,,,,1.0,,1.0,,,
37,"persistence, privilege-escalation",Accessibility Features,T1015,1.0,,,,,,,,,,,,,,,,,,,,,,,,,,,,,,,,,,,,,,,,,,,,,,,,,,,,,,,,,,,,,,,,1.0,,,,,1.0,,,,,,1.0,,,,,,,,1.0
38,defense-evasion,Rootkit,T1014,1.0,,,,,,,,,,,,,,,,,,,,,,,,,,,,,,,,,,,,,,,,,,,,,,,,1.0,,,,,,,,,,,,,,,,,,,,,,,,,,,,,1.0,,,,,,
39,command-and-control,Fallback Channels,T1008,1.0,,,,,,,,,,,,,,,,,,,,,,,,,,,,,,,,,,,,,,,,,,,1.0,,,,,,,,,,,,,,1.0,,,,,,,,,,,,,,,,,,,,,,,,,,
40,credential-access,Credential Dumping,T1003,1.0,,,1.0,,,,,1.0,1.0,1.0,,,,,,,,,1.0,,1.0,,,,,,1.0,1.0,,,1.0,1.0,1.0,1.0,,1.0,,1.0,1.0,1.0,1.0,,1.0,,,,1.0,,,1.0,1.0,1.0,1.0,1.0,,1.0,1.0,,,,1.0,,,1.0,1.0,,,,,,1.0,,,,,,1.0,1.0,,1.0,1.0,,1.0
41,exfiltration,Data Compressed,T1002,1.0,,,1.0,,,,,,1.0,,,1.0,,,,,,,,,1.0,,,1.0,,,1.0,,,,,1.0,1.0,,,1.0,1.0,,1.0,1.0,1.0,,,,,,1.0,,,,,,,1.0,,,1.0,,,,1.0,,,1.0,,,,,,,,,,,,,1.0,1.0,,1.0,,,
42,execution,User Execution,T1204,,1.0,,,1.0,1.0,,1.0,,1.0,,1.0,1.0,,,,1.0,1.0,1.0,,1.0,1.0,1.0,,,,1.0,1.0,1.0,,1.0,1.0,1.0,1.0,1.0,1.0,1.0,,,1.0,,1.0,,1.0,,,1.0,1.0,,,,1.0,,,,,,1.0,,,,,,,,,,,1.0,1.0,,1.0,1.0,,1.0,,,1.0,,1.0,,,,
43,initial-access,Spearphishing Link,T1192,,1.0,1.0,,1.0,,,,,1.0,1.0,1.0,,,,,1.0,,,,,1.0,,,,,,1.0,,,1.0,,,1.0,1.0,,,,,1.0,,1.0,,1.0,,,,,,,,1.0,,,,,,,,,,,,,,,,,,1.0,,1.0,,,1.0,,,1.0,,,,,,
44,collection,Data Staged,T1074,,1.0,,1.0,,,,,1.0,,,,,,,,,,,,,1.0,,,1.0,,,,,,,,,1.0,1.0,,,,1.0,,,,,,,,,1.0,,,,1.0,,,1.0,,,1.0,,,,1.0,,,1.0,,,,,,,1.0,,,,,,1.0,,,,,,
45,"defense-evasion, execution",Scripting,T1064,,1.0,,,1.0,1.0,1.0,,,1.0,,1.0,1.0,,,,1.0,1.0,1.0,1.0,,1.0,1.0,,1.0,,1.0,,1.0,,,,1.0,1.0,1.0,1.0,1.0,,1.0,1.0,,1.0,1.0,1.0,,1.0,1.0,1.0,,,,1.0,,1.0,1.0,,,1.0,,,,,,,1.0,,,,,1.0,,,1.0,,1.0,1.0,,1.0,1.0,,1.0,,,
46,command-and-control,Commonly Used Port,T1043,,1.0,,,,,,,1.0,,,,,,,1.0,,1.0,,,,1.0,,,,,,1.0,1.0,,,,,1.0,,,,,,1.0,,1.0,,1.0,,,1.0,,,,,,,,,,,1.0,,,,1.0,1.0,,1.0,,,,,1.0,,1.0,,,,,,1.0,,,,,,
47,command-and-control,Standard Cryptographic Protocol,T1032,,1.0,,,,,,,,,,,,,,1.0,1.0,,,,,,,,,,,1.0,,,,,,1.0,,,1.0,,,,,,,1.0,,,,,,,,,,1.0,1.0,,,1.0,,,,,,,,,,,,,1.0,,,,,,,,,,,,,
48,defense-evasion,Obfuscated Files or Information,T1027,,1.0,,1.0,1.0,1.0,,,,,,,1.0,,,1.0,1.0,1.0,,1.0,,,,,1.0,,1.0,1.0,1.0,1.0,1.0,,1.0,1.0,1.0,,,,,1.0,,1.0,,1.0,,,1.0,1.0,,1.0,,1.0,,,,,,1.0,1.0,,,1.0,1.0,1.0,1.0,,,,,1.0,,1.0,1.0,,1.0,,,1.0,,,,,,
49,collection,Data from Removable Media,T1025,,1.0,,,,,,,,,,,,,,,,,,,,,,,,,,,,,,,,,,,,,,,,,,,,1.0,,,,,,,,,,,,,,,,,,,,,,,,,,,,,1.0,,,1.0,,,,,,
50,command-and-control,Remote Access Tools,T1219,,,1.0,,,,,,,,,,,,,,1.0,,,,,,,1.0,,,,,,,,,,,,,,,,,,,,,,,,,,,,,,,,,,,,,,,,,,,,,,,,1.0,,,,,1.0,,,,,,,
51,"defense-evasion, execution",Mshta,T1170,,,1.0,,,,,,,,,,,,,,,,,,,,,,,,,,,,,,1.0,,,,,,,,,1.0,,,,,1.0,,,,,,,,,,,,,,,,,,,,,,,,,,,,,,,,,,,,,
52,persistence,Browser Extensions,T1176,,,1.0,,,,,,,,1.0,,,,,,,,,,,,,,,,,,,,,,,,,,,,,,,,,,,,,,,,,,,,,,,,,,,,,,,,,,,,,,,,,,,,,,,,,
53,defense-evasion,Disabling Security Tools,T1089,,,1.0,,,,,,,,,,,,,,,,1.0,,,1.0,,,,,,,,,,,,,,,,,,,,,,,,,,,,,,,,,,,,1.0,,,,1.0,,1.0,,,,,,,,1.0,,,1.0,,1.0,,,,,,,
54,discovery,File and Directory Discovery,T1083,,,1.0,,,,,,,,,,,,,,,,,1.0,,1.0,,,1.0,,1.0,,,,,,1.0,,,,1.0,,,1.0,1.0,1.0,,,,,,,,,,1.0,,,,,,1.0,1.0,,,,1.0,,1.0,,,,1.0,,,,,,1.0,,,1.0,,,1.0,,,
55,discovery,System Information Discovery,T1082,,,1.0,,,,,,,,,,,,,1.0,,1.0,,,,,,,1.0,,,,1.0,,,,1.0,,,,,,,1.0,1.0,1.0,,1.0,,1.0,,,,,,1.0,,1.0,,,,1.0,,,,,1.0,,1.0,,,,1.0,,,,1.0,,1.0,,,,,,1.0,,,
56,credential-access,Credentials in Files,T1081,,,1.0,,1.0,,,,,,1.0,,,,,,,,,,,,,,,,,,,,,,1.0,,,,,,,,,,,1.0,,,,,,,,,,,,,,,,,,,,,1.0,,,,,,,,,,1.0,,,,,,,,,
57,"persistence, privilege-escalation",New Service,T1050,,,1.0,,,,,,,,,,,,,1.0,1.0,,,,,,,,,,,,,,,,,,,,,,,,,1.0,,,,,1.0,,,,,,,,,,,1.0,,,,1.0,,,1.0,,,,,,,,,,,,1.0,,,,1.0,,,
58,persistence,Change Default File Association,T1042,,,1.0,,,,,,,,,,,,,,,,,,,,,,,,,,,,,,,,,,,,,,,,,,,,,,,,,,,,,,,,,,,,,,,,,,,,,,,,,,,,,,,,,
59,exfiltration,Exfiltration Over Command and Control Channel,T1041,,,1.0,1.0,,,,,,,,,,,,,,,,,,,,,,,,,,,,,,,,,,,,,,1.0,,,,1.0,,,,,,,,1.0,,,,1.0,,,,,,,1.0,,,,,,,,,,,,,,,,1.0,,,
60,exfiltration,Data Encrypted,T1022,,,1.0,1.0,,,,,,,,,,,,,,,,,,,,,1.0,,,,,,,,,,,,1.0,1.0,,,,1.0,,,,,,1.0,,,,1.0,,,1.0,,,1.0,,,,1.0,,,,,,,,,,,,,1.0,,,,,,1.0,,,
61,collection,Data from Local System,T1005,,,1.0,1.0,,,,,,,,,,,,,,,,,,1.0,,,1.0,,1.0,,1.0,,,,,,,,1.0,,,,,,,,,,,1.0,,,,1.0,,1.0,,,,1.0,1.0,,,1.0,,,1.0,,,,,,,,,,1.0,,,1.0,1.0,,1.0,,,
62,initial-access,Exploit Public-Facing Application,T1190,,,,1.0,,,,,,,,,,,,,,,,,,,,,,,,,,,,,,,,,,,,,,,,,,,,,,,,,,,,,,,,,,,,,,,,,,,,1.0,,,,,,,,,,,,1.0
63,credential-access,Credentials in Registry,T1214,,,,1.0,,,,,,,,,,,,,,,,,,,,,,,,,,,,,,,,,,,,,,,,,,,,,,,,,,,,,,,,,,,,,,,,,,,,,,,,,,,,,,,,
64,"command-and-control, lateral-movement",Remote File Copy,T1105,,,,1.0,1.0,,1.0,,,,,,,,1.0,,1.0,,1.0,,,1.0,1.0,,,,,1.0,1.0,,1.0,1.0,1.0,1.0,1.0,,1.0,,,1.0,,1.0,1.0,1.0,,1.0,1.0,1.0,,,,1.0,,,,,,1.0,,,,1.0,1.0,,1.0,,,,,,,,,,1.0,,,1.0,,,,,,
65,"persistence, privilege-escalation",Web Shell,T1100,,,,1.0,,,,,1.0,1.0,,,,,,,,,,,,1.0,,,,,,,,,,,,,1.0,,,,,,,1.0,,1.0,,,,,,,,,,,,,,,,,,1.0,,,,,,,,,,,,,,1.0,,,,,,,,
66,lateral-movement,Pass the Hash,T1075,,,,1.0,,,,,,,,,,,,,,,,,,,,,,,,,,,,,,,,,,,,,,1.0,,,,,,,,,,,,,,,,,,,,,,,,,,,,,,1.0,,,,,,1.0,1.0,,,,,
67,defense-evasion,Indicator Removal from Tools,T1066,,,,1.0,,,,,1.0,,,,,,,,,,,,,,,,,,,,,,,,,,,,,,,,,,,1.0,,,,,,,,1.0,,,,,,,,,,,,,1.0,,,,,,,,,,1.0,1.0,,,,,,,,
68,defense-evasion,Software Packing,T1045,,,,1.0,,,,1.0,,1.0,,,,,1.0,,,,,,,,,,,,1.0,,,,1.0,,,,,,,,,,,1.0,,,,,,,,1.0,,1.0,,,,,,,,,,,,,1.0,,,,,1.0,,1.0,,,,,,,,,,,,
69,discovery,Remote System Discovery,T1018,,,,1.0,,,,,,,,,,,,,,,,1.0,,1.0,,,,,,,,,,,,1.0,,,1.0,,1.0,,,1.0,,,,,,1.0,,,,,,,1.0,,,,,,,1.0,,,1.0,,,,,,,,,,1.0,1.0,,,,,1.0,,,
70,credential-access,Credentials from Web Browsers,T1503,,,,,1.0,,,,,,1.0,,,,,,,,,,,,,,,,,,,,,,1.0,,,,,,,,,,,,,,,,,,,,,,,,,,,,,,,,,,,,,,,,,,,,,,,,,,,
71,"defense-evasion, execution",Signed Binary Proxy Execution,T1218,,,,,1.0,,,,,,,,,,,,1.0,,,,,,1.0,,,,,,,,,,,,,,,,,,,,,,,,,,,,,,,,,,,,,,,,,,,,,,,,,,,,,,,,,,,,,
72,execution,Dynamic Data Exchange,T1173,,,,,1.0,,,,,,,,1.0,,,,1.0,,,,,,,,,,,,1.0,,,,1.0,,,,,,,,,,,,,,1.0,,,,,1.0,,,,,,,,,,,,,,,,,,,,,,,,,,1.0,,,,,,
73,"defense-evasion, execution",Rundll32,T1085,,,,,1.0,,,,,,,,,,,,,1.0,,,,,,,,,,,,,,,1.0,,,,,1.0,,,,,,,,,,,,,,,,,,,,,,,,,,,1.0,,,,,1.0,,,,,,,1.0,1.0,,,,,,
74,collection,Video Capture,T1125,,,,,,1.0,,,,,,,,,,,,,,,,,,,,,,,,,,,,,,,,,,,,,,,,,1.0,,,,,,,,,,,,,,,,,,,,,,,,,,,,,,,,,,,,,
75,collection,Screen Capture,T1113,,,,,,1.0,,,,,,,,,,,,,,,,1.0,,,,,1.0,,,,,,1.0,,,,1.0,,,1.0,,,,1.0,,,1.0,,,1.0,,,,,,,,,,,,,,,,,,,,,,,,,,,,1.0,,,,,,
76,execution,Execution through API,T1106,,,,,,1.0,,,,,,,,,,,,,1.0,,,,,,,,,,1.0,,,,,,,,,,,,,,,,,,,,,,,,,,,,,,,,,,,,,,,,,,,,,,1.0,,,,,,,,,
77,execution,Service Execution,T1035,,,,,,1.0,,,,,,,,,,,,,,,,,,,1.0,,,,,,,,,,,,,,,,,1.0,,,,,,,,,,,,,1.0,,,,,,,,,,,,,,,,,,,,,,,,,,1.0,,,
78,defense-evasion,Deobfuscate/Decode Files or Information,T1140,,,,,,,1.0,,,,,,,,,1.0,,1.0,1.0,,,,,,1.0,,,,,,,,1.0,,1.0,,1.0,,,,,,,1.0,,,,1.0,,,,,,,,,,,,,,1.0,,,,,,,,,,,1.0,,1.0,,,1.0,,,,,,
79,"defense-evasion, execution",Regsvr32,T1117,,,,,,,1.0,,,,,,,,,,1.0,1.0,,,,,,,,,,,,,,,,,1.0,,,,,,,1.0,,,,,,,,,,,,,,,,,,,,,,,,,,,,,,,,,,1.0,,,,,,,,
80,"defense-evasion, discovery",Virtualization/Sandbox Evasion,T1497,,,,,,,,1.0,,,,,,,,,,,,,,,,,,,,,,,,,,,,,,,,,,,,,,,1.0,,,,,,,,,,,,,,,,,,,,,,,,,,,,,,,,,,,,,
81,discovery,System Time Discovery,T1124,,,,,,,,1.0,,,,,,,,,,,,,,,,,,,,,,,,,,,,,1.0,,,,,,,,,,,,,,,,,,,,,1.0,,,,,,,,,,,,,,,,,1.0,,,,,,,,,
82,discovery,Security Software Discovery,T1063,,,,,,,,1.0,,,,,,,,1.0,1.0,,,,,,,,,,,,,,,,1.0,1.0,,,,,,,,,,,,,,,,,,1.0,,,,,,,,,,,,,,,,1.0,,,,,1.0,,,,,,,,,,,
83,"privilege-escalation, persistence, defense-evasion",Image File Execution Options Injection,T1183,,,,,,,,,1.0,,,,,,,,,,,,,,,,,,,,,,,,,,,,,,,,,,,,,,,,,,,,,,,,,,,,,,,,,,,,,,,,,,,,,,,,,,,
84,defense-evasion,Timestomp,T1099,,,,,,,,,1.0,,,,,,,,,,,,,,,,,,,,,,,,,,,,,,,,,1.0,,,,,,,,,,,,,,,,1.0,,,,,,,,,,,,,,,,,,,,1.0,,,,,,
85,command-and-control,Uncommonly Used Port,T1065,,,,,,,,,1.0,,,,,,,,,,1.0,,,,,,,,,1.0,,,,,,,,,,,,1.0,,1.0,,,,,,,,1.0,,,,,,,,1.0,,,,,,,1.0,,,,,,,,,,,,,,,,,,,
86,lateral-movement,Remote Services,T1021,,,,,,,,,1.0,1.0,,,,,,,,,,,,,,,,,,,,,,,,,1.0,,,,,,,,,1.0,,,,1.0,,,,,,,,1.0,,,,,,,,,,,,,,,,,,,,,,,,,,,,
87,persistence,Shortcut Modification,T1023,,,,,,,,,,1.0,,,,,,,,,1.0,,,1.0,,,,,,,,,,,,,1.0,,,,,,,,,,,,1.0,,,,,,,,,,,1.0,,,,,,,,,,,,1.0,,,1.0,,,,,,,,,,,
88,"defense-evasion, persistence",Redundant Access,T1108,,,,,,,,,,,1.0,,,,,,1.0,,,1.0,,,,,,,,,,,,,,,,,,,1.0,,,,,1.0,,,,,,,,,,,,,,,,,,1.0,,,1.0,,,,,,,,,,,,,,,,,,,
89,"credential-access, discovery",Network Sniffing,T1040,,,,,,,,,,,1.0,,,,,,,,,,,,,,,,,1.0,,,,,,,,,,,,,,,,,,,,,,,,,,,,,,,,,,,,,,,,,,,,,,,,,,1.0,,,,,,
90,impact,Stored Data Manipulation,T1492,,,,,,,,,,,,1.0,,,1.0,,,,,,,,,,,,,,,,,,,,,,,,,,,,,,,,,,,,,,,,,,,,,,,,,,,,,,,,,,,,,,,,,,,,,
91,command-and-control,Multi-hop Proxy,T1188,,,,,,,,,,,,1.0,,,,,,,,,,,,,,,,,,,,,,,,,,,,,,,,,,,,,,,,,,,,,,,,,,,,,,,,,,1.0,,,,,,,,,,,,,,
92,credential-access,Input Prompt,T1141,,,,,,,,,,,,1.0,,,,,,,,,,,,,,,,,,,,,,,,,,,,,,,,,,,,,,,,,,,,,,,,,,,,,,,,,,,,,,,,,,,,,,,,
93,collection,Email Collection,T1114,,,,,,,,,,,,1.0,,,,,,,,1.0,,1.0,,,,,,,,,,,,,,,,,,1.0,,,,,,,,,,,,,,,,,,,,,,,,,,,,,,,,,,,,,,1.0,1.0,,1.0,,,
94,impact,System Shutdown/Reboot,T1529,,,,,,,,,,,,,,,1.0,,,,,,,,,,,,,,1.0,,,,,,,,,,,,,,,,,,,,,,,,,,,,,1.0,,,,,,,,,,,,,,,,,,,,,,,,,,
95,impact,Runtime Data Manipulation,T1494,,,,,,,,,,,,,,,1.0,,,,,,,,,,,,,,,,,,,,,,,,,,,,,,,,,,,,,,,,,,,,,,,,,,,,,,,,,,,,,,,,,,,,,
96,impact,Transmitted Data Manipulation,T1493,,,,,,,,,,,,,,,1.0,,,,,,,,,,,,,,,,,,,,,,,,,,,,,,,,,,,,,,,,,,,,,,,,,,,,,,,,,,,,,,,,,,,,,
97,impact,Disk Structure Wipe,T1487,,,,,,,,,,,,,,,1.0,,,,,,,,,,,,,,1.0,,,,,,,,,,,,,,,,,,,,,,,,,,,,,1.0,,,,,,,,,,,,,,,,,,,,,,,,,,
98,impact,Data Destruction,T1485,,,,,,,,,,,,,,,1.0,,,,,,,,,,,,,,,,,,,,,,,,,,,,,,,,,,,,,,,,,,,1.0,,,,,,,,,,,,,,,,,,,,,,,,,,
99,initial-access,Drive-by Compromise,T1189,,,,,,,,,,,,,,,1.0,,,1.0,,1.0,,1.0,,,,,1.0,,1.0,,1.0,1.0,,,,,1.0,,,,,1.0,,,,,,,,,,1.0,,,,,,1.0,,,,1.0,,,,,,,,,,,1.0,,,,,,,,,,,
100,collection,Clipboard Data,T1115,,,,,,,,,,,,,,,1.0,,,,,,,,,,,,,,,,,,,,,,,,,,,,,,,,,,,,,,,,,,,,,,,,,,,,,,,,,,,,,,,,,,,,,
101,discovery,Process Discovery,T1057,,,,,,,,,,,,,,,1.0,1.0,,,,,,,,,1.0,,,,1.0,,,,1.0,,,,,,,1.0,,,,1.0,,,,,1.0,,,,,1.0,,,1.0,1.0,,,,,,,1.0,1.0,,,,,,,1.0,,1.0,1.0,,1.0,1.0,,1.0,,,
102,"persistence, privilege-escalation",Port Monitors,T1013,,,,,,,,,,,,,,,1.0,,,,,,,,,,,,,,,,,,,,,,,,,,,,,,,,,,,,,,,,,,,,,,,,,,,,,,,,,,,,,,,,,,,,,
103,defense-evasion,Template Injection,T1221,,,,,,,,,,,,,,,,1.0,,,,,1.0,1.0,,,,,,,,,,,,,,,,,,,,,,,,,,,,,,,,,,,,,,,,,,,,,,,,,,,,,,,,1.0,,,,,,
104,"defense-evasion, persistence",BITS Jobs,T1197,,,,,,,,,,,,,,,,1.0,,,,,,,,,,,,,,,,,,,1.0,,,,,,,,,,,,,,,,,,,,,,,,,,,,,,,,,,,,,,,,,,,,,,,,,
105,"defense-evasion, persistence",Hidden Files and Directories,T1158,,,,,,,,,,,,,,,,1.0,,,,,,,,,,,,,,,,,,,,,,,,,,1.0,,,,,,,,,,,,,,,,1.0,,,,,,,,,,,,,,,,,,,,1.0,,,,,,
106,persistence,Winlogon Helper DLL,T1004,,,,,,,,,,,,,,,,1.0,,,,,,,,,,,,,,,,,,,,,,,,,,,,,,,,,,,,,,,,,,,,,,,,,,,,,,,,,,,1.0,,,,,,,,,
107,"defense-evasion, execution",XSL Script Processing,T1220,,,,,,,,,,,,,,,,,1.0,,,,,,,,,,,,,,,,,,,,,,,,,,,,,,,,,,,,,,,,,,,,,,,,,,,,,,,,,,,,,,,,,,,
108,"defense-evasion, execution",CMSTP,T1191,,,,,,,,,,,,,,,,,1.0,,,,,,,,,,,,,,,,1.0,,,,,,,,,,,,,,,,,,,,,,,,,,,,,,,,,,,,,,,,,,,,,,,,,,,
109,"defense-evasion, privilege-escalation",Bypass User Account Control,T1088,,,,,,,,,,,,,,,,,1.0,,,,,,,,1.0,,,,1.0,,,,1.0,,,,1.0,,,,,,,,,,,,,,,1.0,,,,,,,,,,1.0,,,,,,,,1.0,,,,,,,,,,,,,,
110,privilege-escalation,Exploitation for Privilege Escalation,T1068,,,,,,,,,,,,,,,,,1.0,,,,,,,,,,,1.0,,,,1.0,,1.0,,,,,,,,1.0,,,,,,,,,,,,,1.0,,,,,,,1.0,,,,,,,,,,,,,,,,1.0,,,,,,
111,"lateral-movement, persistence",Logon Scripts,T1037,,,,,,,,,,,,,,,,,1.0,,,,,,,,,,,,,,,,,,,,,,,,,,,,,,,,,,,,,,,,,,,,,,,,,,,,,,,,,,,,,1.0,,,,,,
112,defense-evasion,Hidden Window,T1143,,,,,,,,,,,,,,,,,,1.0,1.0,,1.0,,,,,,,,,,,,,,,,,1.0,,1.0,,1.0,,,,,,,,,,,,,,,,,,,,,,,1.0,,,,,,,,,,,1.0,,1.0,,,,,,
113,command-and-control,Data Encoding,T1132,,,,,,,,,,,,,,,,,,1.0,,,,,,,,,,1.0,,,,,,,,,1.0,,,,,,,,,,,,,,,1.0,,,,,,1.0,,,,,,,,,,,,,,,,,,,,,,,,,,
114,defense-evasion,Process Hollowing,T1093,,,,,,,,,,,,,,,,,,,1.0,,,,,,,,,,,,,,,,,,,,,,,,,,,,,1.0,,,,1.0,,,,,,,,,,,,,,,,,,,,,,,,,,,,,,,,
115,credential-access,Forced Authentication,T1187,,,,,,,,,,,,,,,,,,,,,1.0,1.0,,,,,,,,,,,,,,,,,,,,,,,,,,,,,,,,,,,,,,,,,,,,,,,,,,,,,,,,,,,,,,
116,"credential-access, persistence",Account Manipulation,T1098,,,,,,,,,,,,,,,,,,,,,,1.0,,,,,,,,,,,,,,,,,,1.0,,,,,,,,,,,,,,,,,,1.0,,,,,,,1.0,,,,,,,,,,,,,,,,,,,
117,discovery,Account Discovery,T1087,,,,,,,,,,,,,,,,,,,,,,1.0,,,,,,,,,,,,,,,1.0,,,,,1.0,,1.0,,,,1.0,,,,,,,1.0,,1.0,,,,,1.0,,,1.0,,,,1.0,,,,,,,,,,1.0,,1.0,,,
118,discovery,Permission Groups Discovery,T1069,,,,,,,,,,,,,,,,,,,,,,1.0,,,,,,,,,,,,,,,,,,,,,,1.0,,,,,,,,,,,1.0,,,,,,,,,,1.0,,,,1.0,,,,,,,,,,,,1.0,,,
119,discovery,Query Registry,T1012,,,,,,,,,,,,,,,,,,,,,,1.0,,,,,,,,,,,,,,,,,,,,1.0,,1.0,,,,,,,,,,1.0,,,,1.0,,,,1.0,,,,,,,,,,,,,1.0,,,,,,,,,
120,exfiltration,Exfiltration Over Alternative Protocol,T1048,,,,,,,,,,,,,,,,,,,,,,,,1.0,,,,1.0,,,,,,1.0,,,,,,,,,,1.0,,,,,,,,,,,,,,1.0,,,,,,,,,,,,,,,,,1.0,,,,,,,,,
121,"persistence, privilege-escalation",AppCert DLLs,T1182,,,,,,,,,,,,,,,,,,,,,,,,,1.0,,,,,,,,,,,,,,,,,,,,,,,,,,,,,,,,,,,,,,,,,,,,,,,,,,,,,,,,,,,
122,exfiltration,Automated Exfiltration,T1020,,,,,,,,,,,,,,,,,,,,,,,,,1.0,,,,,,,,,,,,,,,,,,,,,,,,,,,,,,,,,,,,,,,,,,,,,,,,,,,,,,,,,,,
123,lateral-movement,Windows Admin Shares,T1077,,,,,,,,,,,,,,,,,,,,,,,,,,1.0,,,,,,,,1.0,,,,,,,,1.0,,,,,,,,,,,,,,,,1.0,,,1.0,,,,1.0,,,,,,,,,,1.0,1.0,,,,,1.0,,,
124,initial-access,Spearphishing via Service,T1194,,,,,,,,,,,,,,,,,,,,,,,,,,,1.0,,,,,,,,,,,,,1.0,,,,1.0,,,,,,,,,,,1.0,,,,,,,,,,,,,,,,,,,,,,,,,,,,,
125,initial-access,Deliver Malicious App via Other Means,T1476,,,,,,,,,,,,,,,,,,,,,,,,,,,1.0,,,,,,,,,,,,,,,,,,,,,,,,,,,,,,,,,,,,,,,,,,,,,,,,,,,,,,,,,
126,"command-and-control, exfiltration",Standard Application Layer Protocol,T1437,,,,,,,,,,,,,,,,,,,,,,,,,,,1.0,,,,,,,,,,,,,,,,,,,,,,,,,,,,,,,,,,,,,,,,,,,,,,,,,,,,,,,,,
127,defense-evasion,Execution Guardrails,T1480,,,,,,,,,,,,,,,,,,,,,,,,,,,,1.0,,,,,,,,,,,,,,,,,,,,,,,,,,,,,,,,,,,,,,,1.0,,,,,,,,,,,,,,,,,
128,collection,Audio Capture,T1123,,,,,,,,,,,,,,,,,,,,,,,,,,,,,1.0,,,,,,,,,,,,,,,,,,,,,,,,,,,,,,,,,,,,,,,,,,,,,,,,,,,,,,,
129,discovery,Peripheral Device Discovery,T1120,,,,,,,,,,,,,,,,,,,,,,,,,,,,,1.0,,,,,,,,,,,,,,,,,1.0,,,,,,,,,,,,,,,,,,,,,1.0,,,,,,,,,,,1.0,,,,,,
130,command-and-control,Custom Command and Control Protocol,T1094,,,,,,,,,,,,,,,,,,,,,,,,,,,,,1.0,,,1.0,,,,,,,,,,1.0,,1.0,,,,,,,,,,,,,,,,,,,,,,,,,,,,,,,,,,,,,,,,
131,"persistence, privilege-escalation, credential-access",Hooking,T1179,,,,,,,,,,,,,,,,,,,,,,,,,,,,,,,,1.0,,,,,,,,,,,,,,,,,,,,,,,,,,,,,,,,,,,,,,,,,,,,,,,,,,,,
132,command-and-control,Standard Non-Application Layer Protocol,T1095,,,,,,,,,,,,,,,,,,,,,,,,,,,,,,,,1.0,,,,,,,,,,,,,,,,,,,,,,,,,,,,,,,,,1.0,,,,,1.0,,,,,,,,,,,,,,
133,defense-evasion,Compile After Delivery,T1500,,,,,,,,,,,,,,,,,,,,,,,,,,,,,,,,,1.0,,,,,,,,,,,,,,,,,,,,,,,,,,,,,,,,,,,,,,,,,,,,,,,,,,,
134,"lateral-movement, execution",Component Object Model and Distributed COM,T1175,,,,,,,,,,,,,,,,,,,,,,,,,,,,,,,,,1.0,,,,,,,,,,,,,,,,,,,,,,,,,,,,,,,,,,,,,,,,,,,,,,,,,,,
135,command-and-control,Multi-Stage Channels,T1104,,,,,,,,,,,,,,,,,,,,,,,,,,,,,,,,,1.0,,,,,,,,,,,,,,,,,,,,,,,,,,,,,,,,1.0,,,,,,,,,,,,,,,,,,,
136,persistence,Windows Management Instrumentation Event Subscription,T1084,,,,,,,,,,,,,,,,,,,,,,,,,,,,,,,,,,,1.0,,,,,,,,,,,,,,,,,,,,,,,,,,,,,,,,,,,1.0,,,,,1.0,,,,,,,,,
137,defense-evasion,Binary Padding,T1009,,,,,,,,,,,,,,,,,,,,,,,,,,,,,,,,,,,1.0,,1.0,,,,,1.0,,,,,,,,,,1.0,,,,,,,,,,,,,,,,,,,,,,,,,,,,,,,1.0,
138,lateral-movement,Pass the Ticket,T1097,,,,,,,,,,,,,,,,,,,,,,,,,,,,,,,,,,,,,1.0,,,,,1.0,,,,,,,,,,,,,,,,,,,,,,,,,,,,1.0,,,,,,,,,,,1.0,,,
139,collection,Data from Network Shared Drive,T1039,,,,,,,,,,,,,,,,,,,,,,,,,,,,,,,,,,,,,1.0,,,,1.0,,,,,,,1.0,,,,,,,,,,,,,,,,,,,,,,,,,,,,,,,,,,,,
140,command-and-control,Custom Cryptographic Protocol,T1024,,,,,,,,,,,,,,,,,,,,,,,,,,,,,,,,,,,,,1.0,,,,,,,,,,,,,,,,,,,,,1.0,,,,,,,,,,,,,,,,,,,,1.0,,,,,,
141,collection,Automated Collection,T1119,,,,,,,,,,,,,,,,,,,,,,,,,,,,,,,,,,,,,,,1.0,,,,,1.0,,,,,,,,1.0,,,1.0,,,,,,,1.0,,,,,,,,,,,,,,,,1.0,1.0,,,,,
142,defense-evasion,File and Directory Permissions Modification,T1222,,,,,,,,,,,,,,,,,,,,,,,,,,,,,,,,,,,,,,,,,,1.0,,,,,,,,,,,,,,,,,,,,,,,,,,,,,,,,,,,,,,,,,,
143,"defense-evasion, execution",Signed Script Proxy Execution,T1216,,,,,,,,,,,,,,,,,,,,,,,,,,,,,,,,,,,,,,,,,,1.0,,,,,,,,,,,,,,,,,,,,,,,,,,,,,,,,,,,,,,,,,,
144,persistence,Office Application Startup,T1137,,,,,,,,,,,,,,,,,,,,,,,,,,,,,,,,,,,,,,,,,,1.0,,,,,,,,,,,,,,,,,,,,,,,,,,,,,,,,,,,,1.0,,,,,,
145,defense-evasion,NTFS File Attributes,T1096,,,,,,,,,,,,,,,,,,,,,,,,,,,,,,,,,,,,,,,,,,1.0,,,,,,,,,,,,,,,,,,,,,,,,,,,,,,,,,,,,,,,,,,
146,lateral-movement,Application Deployment Software,T1017,,,,,,,,,,,,,,,,,,,,,,,,,,,,,,,,,,,,,,,,,,1.0,,,,,,,,,,,,,,,,,,,,,,,,,,,,,,,,,,,,,,,,,,
147,discovery,Password Policy Discovery,T1201,,,,,,,,,,,,,,,,,,,,,,,,,,,,,,,,,,,,,,,,,,,,1.0,,,,,,,,,,,,,,,,,,,,,,,,,,,,,,,,,,,,,,,,
148,discovery,System Service Discovery,T1007,,,,,,,,,,,,,,,,,,,,,,,,,,,,,,,,,,,,,,,,,,,,1.0,,,,,,,,,,,,,1.0,,,,,,,,,,,,1.0,,,,,,1.0,,,,1.0,,1.0,,,
149,"persistence, privilege-escalation",Application Shimming,T1138,,,,,,,,,,,,,,,,,,,,,,,,,,,,,,,,,,,,,,,,,,,,,,,1.0,,,,,,,,,,,,,,,,,,,,,,,,,,,,,,,,,,,,,
150,initial-access,Trusted Relationship,T1199,,,,,,,,,,,,,,,,,,,,,,,,,,,,,,,,,,,,,,,,,,,,,,,,1.0,,,,,,,,,,,,,,,,,,,,,,,,,,,,,,1.0,,,,,,
151,"persistence, privilege-escalation, defense-evasion",DLL Search Order Hijacking,T1038,,,,,,,,,,,,,,,,,,,,,,,,,,,,,,,,,,,,,,,,,,,,,,,,1.0,,,,,,,,,,,,,,1.0,,,,,,,,,,,,,,,,,,,,,,
152,impact,Service Stop,T1489,,,,,,,,,,,,,,,,,,,,,,,,,,,,,,,,,,,,,,,,,,,,,,,,,,,,,,,,,,1.0,,,,,,,,,,,,,,,,,,,,,,,,,,
153,impact,Disk Content Wipe,T1488,,,,,,,,,,,,,,,,,,,,,,,,,,,,,,,,,,,,,,,,,,,,,,,,,,,,,,,,,,1.0,,,,,,,,,,,,,,,,,,,,,,,,,,
154,"defense-evasion, privilege-escalation",Access Token Manipulation,T1134,,,,,,,,,,,,,,,,,,,,,,,,,,,,,,,,,,,,,,,,,,,,,,,,,,,,,,,,,,1.0,,,,,,,,,,,,,,,,,1.0,,,1.0,,,,,,
155,command-and-control,Multiband Communication,T1026,,,,,,,,,,,,,,,,,,,,,,,,,,,,,,,,,,,,,,,,,,,,,,,,,,,,,,,,,,1.0,,,,,,,,,,,,,,,,,,,,,,,,,,
156,discovery,Application Window Discovery,T1010,,,,,,,,,,,,,,,,,,,,,,,,,,,,,,,,,,,,,,,,,,,,,,,,,,,,,,,,,,1.0,,,,,,,,,,,,,,,,,,,,,,,,,,
157,"execution, lateral-movement",Third-party Software,T1072,,,,,,,,,,,,,,,,,,,,,,,,,,,,,,,,,,,,,,,,,,,,,,,,,,,,,,,,,,,,,1.0,,,,,,,,,,,,,,,,,,,,,,,
158,lateral-movement,Exploitation of Remote Services,T1210,,,,,,,,,,,,,,,,,,,,,,,,,,,,,,,,,,,,,,,,,,,,,,,,,,,,,,,,,,,,,,1.0,,,,,,,,,,,,,,,,1.0,,,,,,
159,defense-evasion,Network Share Connection Removal,T1126,,,,,,,,,,,,,,,,,,,,,,,,,,,,,,,,,,,,,,,,,,,,,,,,,,,,,,,,,,,,,,1.0,,,,,,,,,,,,,,,,,,,,,,
160,exfiltration,Data Transfer Size Limits,T1030,,,,,,,,,,,,,,,,,,,,,,,,,,,,,,,,,,,,,,,,,,,,,,,,,,,,,,,,,,,,,,1.0,,,,,,,,,,,,,,,,,,,,,,
161,"execution, lateral-movement",Windows Remote Management,T1028,,,,,,,,,,,,,,,,,,,,,,,,,,,,,,,,,,,,,,,,,,,,,,,,,,,,,,,,,,,,,,1.0,,,,,,,,,,,,,,,,,,,,,,
162,execution,Graphical User Interface,T1061,,,,,,,,,,,,,,,,,,,,,,,,,,,,,,,,,,,,,,,,,,,,,,,,,,,,,,,,,,,,,,,,,1.0,,,,,,,,,,,,,,,,,,,
163,"defense-evasion, persistence",Component Firmware,T1109,,,,,,,,,,,,,,,,,,,,,,,,,,,,,,,,,,,,,,,,,,,,,,,,,,,,,,,,,,,,,,,,,,,1.0,,,,,,,,,,,,,,,,,
164,command-and-control,Domain Fronting,T1172,,,,,,,,,,,,,,,,,,,,,,,,,,,,,,,,,,,,,,,,,,,,,,,,,,,,,,,,,,,,,,,,,,,,,,1.0,,,,,,,,,,,,,,
165,"lateral-movement, initial-access",Replication Through Removable Media,T1091,,,,,,,,,,,,,,,,,,,,,,,,,,,,,,,,,,,,,,,,,,,,,,,,,,,,,,,,,,,,,,,,,,,,,,,,,1.0,,,,,1.0,,,,,,
166,lateral-movement,Taint Shared Content,T1080,,,,,,,,,,,,,,,,,,,,,,,,,,,,,,,,,,,,,,,,,,,,,,,,,,,,,,,,,,,,,,,,,,,,,,,,,1.0,,,,,,,,,,,
167,"persistence, privilege-escalation",PowerShell Profile,T1504,,,,,,,,,,,,,,,,,,,,,,,,,,,,,,,,,,,,,,,,,,,,,,,,,,,,,,,,,,,,,,,,,,,,,,,,,,,1.0,,,,,,,,,
168,credential-access,Steal Application Access Token,T1528,,,,,,,,,,,,,,,,,,,,,,,,,,,,,,,,,,,,,,,,,,,,,,,,,,,,,,,,,,,,,,,,,,,,,,,,,,,,,,1.0,,,,,,
169,"defense-evasion, lateral-movement",Application Access Token,T1527,,,,,,,,,,,,,,,,,,,,,,,,,,,,,,,,,,,,,,,,,,,,,,,,,,,,,,,,,,,,,,,,,,,,,,,,,,,,,,1.0,,,,,,
170,collection,Data from Information Repositories,T1213,,,,,,,,,,,,,,,,,,,,,,,,,,,,,,,,,,,,,,,,,,,,,,,,,,,,,,,,,,,,,,,,,,,,,,,,,,,,,,1.0,,,1.0,,,
171,defense-evasion,Exploitation for Defense Evasion,T1211,,,,,,,,,,,,,,,,,,,,,,,,,,,,,,,,,,,,,,,,,,,,,,,,,,,,,,,,,,,,,,,,,,,,,,,,,,,,,,1.0,,,,,,
172,"defense-evasion, persistence",Component Object Model Hijacking,T1122,,,,,,,,,,,,,,,,,,,,,,,,,,,,,,,,,,,,,,,,,,,,,,,,,,,,,,,,,,,,,,,,,,,,,,,,,,,,,,1.0,,,,,,
173,command-and-control,Communication Through Removable Media,T1092,,,,,,,,,,,,,,,,,,,,,,,,,,,,,,,,,,,,,,,,,,,,,,,,,,,,,,,,,,,,,,,,,,,,,,,,,,,,,,1.0,,,,,,
